{"cameraMode":{"drawMode":0,"name":"Shaded","section":"Shading Mode"},"sceneLighting":true,"audioPlay":false,"sceneViewState":{"showFog":true,"showMaterialUpdate":true,"showSkybox":true,"showFlares":true,"showImageEffects":true,"showParticleSystems":true},"in2DMode":false,"pivot":{"x":-66.02620697021485,"y":0.8212788105010986,"z":84.69609069824219},"rotation":{"x":0.07337045669555664,"y":0.34558340907096865,"z":-0.027144137769937516,"w":0.9351362586021423},"size":5755.7529296875,"orthographic":false}